rhino_id,species,inst_id,age,sex,housing,birth_type,temperature,precipitation,cloud_cover,size,access,calf_present,previous_presence,diversity,richness,gatewait_NO,stimulated_NO,unstimulated_NO,active_NO,inactive_NO,pace_NO,latency_sec,other_NO,notvisible_NO,retreat_NO,snort_NO,snarl_NO,pant_NO,whine_NO,attack_NO,charge_NO,void_NO,marking_NO,olfact_other_NO,olfact_obj_NO,advance_direct_NO,head_fling_NO,contact_inx_NO,near_NO,distant_NO,SessionDuration_sec,SessionDuration_allsec,SessionDurationMin,prop.gatewait,prop.stimulated,prop.unstimulated,prop.active,prop.inactive,prop.latency,prop.pace,prop.other,distance_int,prop.near,freq.retreat,freq.snort,freq.snarl,freq.whine,freq.pant,freq.attack,freq.charge,freq.void,freq.marking,freq.olfact_obj,freq.olfact_other,freq.advance_direct,freq.head_fling,freq.contact_inx,freq.other,censoring,log_duration,log_durationsec,log_distance
14662588,White,Inst-52,9,Female,Social,Captive,-2.777777778,None,Sunny,S,Indoor,Yes,yes,1.505872262,7,0,9,1185,271,923,0,8,0,0,0,0,0,0,0,0,0,0,0,0,4,3,0,3,18,2,1194,1194,19.9,0,0.007537688,0.992462312,0.226968174,0.773031826,0.006700168,0,0,20,0.9,0,0,0,0,0,0,0,0,0,0.201005025,0,0.150753769,0,0.150753769,0,1,2.990719732,7.085064294,2.995732274
14662558,White,Inst-52,13,Female,Social,Captive,3.888888889,None,Sunny,S,Indoor,Yes,yes,1.761534582,8,0,146,1033,171,1008,0,23,0,0,0,0,0,0,0,0,0,0,2,2,11,2,0,7,20,0,1179,1179,19.65,0,0.123833757,0.876166243,0.145038168,0.854961832,0.019508058,0,0,20,1,0,0,0,0,0,0,0,0,0.10178117,0.559796438,0.10178117,0.10178117,0,0.356234097,0,1,2.978077338,7.072421901,2.995732274
14662354,Black,Inst-6,11,Female,Social,Captive,17.77777778,None,Sunny,S,Indoor,No,no,2.000311876,11,65,106,1088,437,238,0,55,0,0,4,0,0,2,0,1,0,0,0,0,2,5,0,13,13,4,1194,1194,19.9,0.054438861,0.088777219,0.911222781,0.36599665,0.199329983,0.046063652,0,0,17,0.764705882,0.201005025,0,0,0,0.100502513,0.050251256,0,0,0,0.100502513,0,0.251256281,0,0.653266332,0,1,2.990719732,7.085064294,2.833213344
19990829,Black,Inst-18,21,Male,Individual,Captive,20,None,Overcast,M,Outdoor,No,yes,1.656868846,7,0,19,1169,491,621,0,5,0,0,0,0,0,0,0,0,0,4,0,0,5,3,0,15,11,9,1188,1188,19.8,0,0.015993266,0.984006734,0.413299663,0.522727273,0.004208754,0,0,20,0.55,0,0,0,0,0,0,0,0.202020202,0,0.252525253,0,0.151515152,0,0.757575758,0,1,2.985681938,7.0800265,2.995732274
14662486,White,Inst-52,32,Male,Individual,Wild,20.55555556,None,Sunny,M,Indoor,No,no,1.986114945,10,89,245,930,523,169,0,17,0,0,0,0,0,0,0,6,0,0,2,2,3,3,0,1,9,10,1175,1175,19.58333333,0.075744681,0.208510638,0.791489362,0.445106383,0.143829787,0.014468085,0,0,19,0.473684211,0,0,0,0,0,0.306382979,0,0,0.10212766,0.153191489,0.10212766,0.153191489,0,0.05106383,0,1,2.974678864,7.069023427,2.944438979
20563577,White,Inst-3,37,Female,Social,Wild,8.888888889,None,Overcast,S,Indoor,No,yes,1.276987856,5,0,0,1170,24,1146,0,2,0,0,0,0,0,0,0,0,0,0,0,0,6,0,0,6,19,1,1170,1170,19.5,0,0,1,0.020512821,0.979487179,0.001709402,0,0,20,0.95,0,0,0,0,0,0,0,0,0,0.307692308,0,0,0,0.307692308,0,1,2.970414466,7.064759028,2.995732274
19024655,Black,Inst-50,24,Female,Social,Captive,25,None,Sunny,S,Indoor,No,yes,1.306407397,6,0,0,1195,28,1167,0,8,0,0,0,0,0,0,0,0,0,0,0,2,3,0,0,5,20,0,1195,1195,19.91666667,0,0,1,0.023430962,0.976569038,0.006694561,0,0,20,1,0,0,0,0,0,0,0,0,0,0.150627615,0.10041841,0,0,0.251046025,0,1,2.991556902,7.085901464,2.995732274
19990826,White,Inst-26,23,Female,Social,Captive,22.22222222,None,Sunny,L,Outdoor,Yes,yes,1.365699763,7,0,42,1138,57,1123,0,7,0,0,0,0,0,0,0,0,0,0,0,0,4,1,0,4,3,17,1180,1180,19.66666667,0,0.03559322,0.96440678,0.048305085,0.951694915,0.005932203,0,0,20,0.15,0,0,0,0,0,0,0,0,0,0.203389831,0,0.050847458,0,0.203389831,0,1,2.978925155,7.073269717,2.995732274
22742480,White,Inst-26,7,Female,Social,Captive,27.77777778,None,Sunny,L,Outdoor,Yes,yes,1.935833495,8,0,242,937,503,676,0,2,0,0,0,0,0,0,0,0,0,0,2,7,5,3,0,4,5,15,1179,1179,19.65,0,0.205258694,0.794741306,0.42663274,0.57336726,0.001696353,0,0,20,0.25,0,0,0,0,0,0,0,0,0.10178117,0.254452926,0.356234097,0.152671756,0,0.203562341,0,1,2.978077338,7.072421901,2.995732274
19990805,Black,Inst-18,20,Male,Individual,Captive,21.11111111,None,Partly cloudy,M,Outdoor,No,yes,1.902686801,8,0,771,336,628,479,46,41,0,18,5,0,0,0,0,0,0,0,0,0,6,3,0,0,5,15,1153,1153,19.21666667,0,0.668690373,0.291413703,0.544666088,0.415437988,0.03555941,0.039895924,0,20,0.25,0.260190807,0,0,0,0,0,0,0,0,0.312228968,0,0.156114484,0,0,0,1,2.955777958,7.05012252,2.995732274
24428346,Black,Inst-49,15,Male,Individual,Captive,15,Fog,Partly cloudy,L,Outdoor,No,yes,2.017176873,9,0,620,159,551,228,277,9,0,127,1,0,0,0,0,0,0,0,6,3,3,5,0,0,6,14,1056,1056,17.6,0,0.587121212,0.150568182,0.521780303,0.215909091,0.008522727,0.262310606,0,20,0.3,0.056818182,0,0,0,0,0,0,0,0.340909091,0.170454545,0.170454545,0.284090909,0,0,0,1,2.867898902,6.962243464,2.995732274
14662579,White,Inst-52,8,Female,Social,Captive,21.11111111,None,Partly cloudy,L,Outdoor,No,yes,1.780022434,11,62,232,943,195,675,0,92,0,3,1,0,0,1,0,0,0,0,0,1,1,1,0,1,1,19,1175,1175,19.58333333,0.052765957,0.197446809,0.802553191,0.165957447,0.574468085,0.078297872,0,0,20,0.05,0.05106383,0,0,0,0.05106383,0,0,0,0,0.05106383,0.05106383,0.05106383,0,0.05106383,0,1,2.974678864,7.069023427,2.995732274
14662591,White,Inst-54,9,Female,Social,Captive,26.11111111,None,Partly cloudy,M,Outdoor,No,yes,1.88311648,9,0,198,992,431,759,0,5,0,0,1,0,0,0,0,0,0,0,0,8,1,3,0,4,2,18,1190,1190,19.83333333,0,0.166386555,0.833613445,0.362184874,0.637815126,0.004201681,0,0,20,0.1,0.050420168,0,0,0,0,0,0,0,0,0.050420168,0.403361345,0.151260504,0,0.201680672,0,1,2.987364024,7.081708586,2.995732274
14662651,White,Inst-1,36,Male,Individual,Captive,1.111111111,None,Sunny,M,Indoor,No,yes,1.741662911,7,0,0,1187,377,726,0,10,0,0,0,0,0,0,0,0,0,0,0,3,6,3,0,7,11,7,1187,1187,19.78333333,0,0,1,0.317607414,0.611625948,0.0084246,0,0,18,0.611111111,0,0,0,0,0,0,0,0,0,0.303285594,0.151642797,0.151642797,0,0.353833193,0,1,2.984839832,7.079184395,2.890371758
19947173,White,Inst-26,55,Male,Individual,Wild,23.33333333,None,Sunny,L,Outdoor,No,yes,0.959783881,4,0,0,1177,69,1108,0,151,0,0,0,0,0,0,0,0,0,0,0,2,0,0,0,0,3,17,1177,1177,19.61666667,0,0,1,0.058623619,0.941376381,0.128292268,0,0,20,0.15,0,0,0,0,0,0,0,0,0,0,0.101954121,0,0,0,0,1,2.976379545,7.070724107,2.995732274
21286957,White,Inst-10,7,Female,Social,Wild,20.55555556,None,Overcast,S,Outdoor,No,yes,1.772660531,9,0,24,1170,501,693,0,38,0,0,0,0,0,2,0,0,0,0,0,2,3,5,0,2,6,14,1194,1194,19.9,0,0.020100503,0.979899497,0.41959799,0.58040201,0.031825796,0,0,20,0.3,0,0,0,0,0.100502513,0,0,0,0,0.150753769,0.100502513,0.251256281,0,0.100502513,0,1,2.990719732,7.085064294,2.995732274
19990838,White,Inst-26,10,Male,Social,Captive,22.77777778,None,Partly cloudy,L,Outdoor,No,yes,1.50801364,9,0,70,1100,218,952,0,1,0,0,0,0,0,1,0,0,0,0,0,2,1,1,0,1,0,20,1170,1170,19.5,0,0.05982906,0.94017094,0.186324786,0.813675214,0.000854701,0,0,20,0,0,0,0,0,0.051282051,0,0,0,0,0.051282051,0.102564103,0.051282051,0,0.051282051,0,1,2.970414466,7.064759028,2.995732274
20563574,White,Inst-3,10,Male,Social,Captive,8.333333333,None,Overcast,S,Indoor,No,yes,1.19434883,5,0,0,1178,153,765,0,2,0,0,0,0,0,0,0,0,0,2,0,0,2,0,0,2,5,15,1178,1178,19.63333333,0,0,1,0.129881154,0.649405772,0.001697793,0,0,20,0.25,0,0,0,0,0,0,0,0.101867572,0,0.101867572,0,0,0,0.101867572,0,1,2.977228802,7.071573364,2.995732274
19030319,Black,Inst-40,15,Female,Individual,Captive,23.33333333,None,Overcast,L,Outdoor,No,yes,1.643469352,7,0,838,313,153,998,0,526,0,10,0,0,0,0,0,0,0,0,0,0,6,2,0,2,6,14,1151,1151,19.18333333,0,0.728062554,0.271937446,0.132927889,0.867072111,0.456993918,0,0,20,0.3,0,0,0,0,0,0,0,0,0,0.312771503,0,0.104257168,0,0.104257168,0,1,2.954041846,7.048386409,2.995732274
19990832,White,Inst-18,27,Male,Social,Captive,23.33333333,None,Overcast,M,Outdoor,No,yes,1.586531908,9,0,42,1149,357,663,0,4,0,0,0,0,0,1,0,0,0,1,3,2,2,1,0,1,2,18,1191,1191,19.85,0,0.035264484,0.964735516,0.299748111,0.556675063,0.003358522,0,0,20,0.1,0,0,0,0,0.050377834,0,0,0.050377834,0.151133501,0.100755668,0.100755668,0.050377834,0,0.050377834,0,1,2.988204007,7.082548569,2.995732274
19548899,White,Inst-45,19,Female,Social,Wild,10.55555556,None,Sunny,M,Outdoor,No,yes,1.776061196,8,97,407,788,137,466,0,6,0,0,0,0,0,0,0,0,0,0,0,2,2,0,0,2,0,20,1195,1195,19.91666667,0.081171548,0.340585774,0.659414226,0.114644351,0.389958159,0.005020921,0,0,20,0,0,0,0,0,0,0,0,0,0,0.10041841,0.10041841,0,0,0.10041841,0,1,2.991556902,7.085901464,2.995732274
22187234,White,Inst-1,28,Female,Social,Wild,-1.666666667,None,Sunny,S,Indoor,No,yes,1.817261773,8,0,459,724,153,1030,0,9,0,0,0,0,0,0,0,0,0,0,0,4,4,1,0,6,14,6,1183,1183,19.71666667,0,0.387996619,0.612003381,0.129332206,0.870667794,0.007607777,0,0,20,0.7,0,0,0,0,0,0,0,0,0,0.202874049,0.202874049,0.050718512,0,0.304311074,0,1,2.981464302,7.075808864,2.995732274
14662570,White,Inst-52,12,Female,Social,Captive,16.11111111,None,Sunny,L,Outdoor,No,yes,1.999479517,10,432,1168,0,465,271,0,425,10,0,0,0,0,14,0,0,0,0,0,16,4,3,0,4,5,15,1178,1178,19.63333333,0.36672326,0.991511036,0,0.394736842,0.230050934,0.360780985,0,0.008488964,20,0.25,0,0,0,0,0.713073005,0,0,0,0,0.203735144,0.814940577,0.152801358,0,0.203735144,0.509337861,1,2.977228802,7.071573364,2.995732274
21385660,Black,Inst-15,22,Male,Individual,Captive,-0.555555556,None,Overcast,S,Indoor,No,yes,1.25949335,6,0,0,1191,22,1169,0,10,0,0,0,0,0,0,0,0,0,1,0,0,4,1,0,4,19,0,1191,1191,19.85,0,0,1,0.018471872,0.981528128,0.008396306,0,0,19,1,0,0,0,0,0,0,0,0.050377834,0,0.201511335,0,0.050377834,0,0.201511335,0,1,2.988204007,7.082548569,2.944438979
21260167,White,Inst-7,20,Male,Social,Captive,26.11111111,None,Partly cloudy,M,Indoor,No,yes,1.273158911,5,0,11,1183,962,232,0,5,0,0,0,0,0,0,0,0,0,0,1,10,0,0,0,0,7,13,1194,1194,19.9,0,0.00921273,0.99078727,0.805695142,0.194304858,0.004187605,0,0,20,0.35,0,0,0,0,0,0,0,0,0.050251256,0,0.502512563,0,0,0,0,1,2.990719732,7.085064294,2.995732274
14662624,White,Inst-22,43,Female,Social,Captive,15,None,Overcast,M,Indoor,No,yes,1.584644155,10,6,6,1188,211,184,0,5,0,0,0,0,0,1,0,0,0,0,0,1,2,4,0,3,9,11,1194,1194,19.9,0.005025126,0.005025126,0.994974874,0.176716918,0.154103853,0.004187605,0,0,20,0.45,0,0,0,0,0.050251256,0,0,0,0,0.100502513,0.050251256,0.201005025,0,0.150753769,0,1,2.990719732,7.085064294,2.995732274
21850740,White,Inst-37,17,Male,Social,Captive,4.444444444,None,Overcast,M,Outdoor,No,yes,1.441656959,6,0,582,605,216,971,0,1,0,0,0,0,0,0,0,0,0,2,0,0,1,0,0,1,4,16,1187,1187,19.78333333,0,0.49031171,0.50968829,0.181971356,0.818028644,0.00084246,0,0,20,0.2,0,0,0,0,0,0,0,0.101095198,0,0.050547599,0,0,0,0.050547599,0,1,2.984839832,7.079184395,2.995732274
24428313,White,Inst-44,18,Male,Individual,Captive,2.777777778,None,Overcast,M,Indoor,No,yes,1.696653455,8,0,46,1142,457,709,0,9,0,0,0,0,0,0,0,0,0,0,5,1,5,2,0,5,5,12,1188,1188,19.8,0,0.038720539,0.961279461,0.384680135,0.596801347,0.007575758,0,0,17,0.294117647,0,0,0,0,0,0,0,0,0.252525253,0.252525253,0.050505051,0.101010101,0,0.252525253,0,1,2.985681938,7.0800265,2.833213344
14662309,Black,Inst-21,25,Female,Individual,Captive,2.222222222,None,Sunny,L,Indoor,No,yes,2.123235838,11,0,48,976,691,293,150,9,0,0,1,0,0,4,0,0,0,0,0,12,13,5,0,6,10,10,1174,1174,19.56666667,0,0.04088586,0.831345826,0.588586031,0.249574106,0.007666099,0.127768313,0,20,0.5,0.051107325,0,0,0,0.204429302,0,0,0,0,0.66439523,0.613287905,0.255536627,0,0.306643952,0,1,2.973827438,7.068172,2.995732274
14662342,Black,Inst-24,18,Female,Individual,Captive,0.555555556,None,Sunny,M,Indoor,No,yes,1.553506912,8,0,55,1138,94,1099,0,106,0,0,1,0,0,0,0,0,0,0,0,0,2,3,0,9,8,12,1193,1193,19.88333333,0,0.046102263,0.953897737,0.078792959,0.921207041,0.088851635,0,0,20,0.4,0.050293378,0,0,0,0,0,0,0,0,0.100586756,0,0.150880134,0,0.452640402,0,1,2.98988186,7.084226422,2.995732274
21385657,Black,Inst-15,29,Female,Individual,Wild,-0.555555556,None,Overcast,S,Indoor,No,yes,1.711612411,8,0,118,1068,165,1021,0,5,0,0,0,0,0,0,0,0,0,0,0,3,3,2,0,12,12,7,1186,1186,19.76666667,0,0.099494098,0.900505902,0.139123103,0.860876897,0.004215852,0,0,19,0.631578947,0,0,0,0,0,0,0,0,0,0.151770658,0.151770658,0.101180438,0,0.607082631,0,1,2.983997017,7.07834158,2.944438979
24215274,Black,Inst-51,3,Male,Individual,Captive,13.88888889,None,Overcast,M,Indoor,No,yes,2.09798159,10,186,854,0,469,199,0,76,0,274,7,0,0,0,0,0,1,0,1,2,10,6,0,5,8,12,854,854,14.23333333,0.217798595,1,0,0.549180328,0.233021077,0.088992974,0,0,20,0.4,0.491803279,0,0,0,0,0,0.070257611,0,0.070257611,0.702576112,0.140515222,0.421545667,0,0.351288056,0,1,2.655586632,6.749931194,2.995732274
19030349,White,Inst-29,6,Male,Social,Captive,18.88888889,None,Sunny,M,Indoor,No,yes,1.555902564,7,0,0,1194,284,910,0,4,0,0,0,0,0,0,0,0,0,0,0,1,1,4,0,7,4,16,1194,1194,19.9,0,0,1,0.237855946,0.762144054,0.003350084,0,0,20,0.2,0,0,0,0,0,0,0,0,0,0.050251256,0.050251256,0.201005025,0,0.351758794,0,1,2.990719732,7.085064294,2.995732274
14662504,White,Inst-18,26,Female,Social,Wild,28.88888889,None,Sunny,M,Outdoor,Yes,yes,1.592837539,7,0,0,1164,279,757,0,43,0,29,0,0,0,0,0,0,0,0,1,2,2,3,0,4,9,11,1164,1164,19.4,0,0,1,0.239690722,0.650343643,0.036941581,0,0,20,0.45,0,0,0,0,0,0,0,0,0.051546392,0.103092784,0.103092784,0.154639175,0,0.206185567,0,1,2.965273066,7.059617628,2.995732274
19030334,White,Inst-17,22,Male,Social,Captive,18.33333333,None,Overcast,L,Indoor,No,yes,1.219379077,7,0,28,1157,26,1159,0,47,0,0,0,0,0,0,0,0,0,0,0,0,3,1,0,2,7,13,1185,1185,19.75,0,0.023628692,0.976371308,0.021940928,0.978059072,0.039662447,0,0,20,0.35,0,0,0,0,0,0,0,0,0,0.151898734,0,0.050632911,0,0.101265823,0,1,2.983153491,7.077498054,2.995732274
19030346,White,Inst-29,6,Male,Social,Captive,18.88888889,None,Sunny,M,Indoor,No,yes,1.580004102,8,0,21,1165,476,710,0,3,0,0,0,0,0,0,0,0,0,0,0,3,1,1,0,4,11,9,1186,1186,19.76666667,0,0.017706577,0.982293423,0.401349073,0.598650927,0.002529511,0,0,20,0.55,0,0,0,0,0,0,0,0,0,0.050590219,0.151770658,0.050590219,0,0.202360877,0,1,2.983997017,7.07834158,2.995732274
14662288,Black,Inst-21,26,Male,Individual,Captive,1.666666667,None,Sunny,L,Indoor,No,yes,1.869852914,9,4,13,1166,364,742,0,54,0,0,0,0,0,0,0,0,0,0,3,8,8,5,0,9,9,11,1179,1179,19.65,0.003392706,0.011026293,0.988973707,0.308736217,0.629346904,0.045801527,0,0,20,0.45,0,0,0,0,0,0,0,0,0.152671756,0.407124682,0.407124682,0.254452926,0,0.458015267,0,1,2.978077338,7.072421901,2.995732274
14662528,White,Inst-57,19,Male,Social,Captive,-3.333333333,None,Partly cloudy,M,Indoor,No,no,1.797985755,8,0,189,1002,220,971,0,2,0,0,0,0,0,0,0,1,0,0,5,0,6,4,0,13,13,7,1191,1191,19.85,0,0.158690176,0.841309824,0.184718724,0.815281276,0.001679261,0,0,20,0.65,0,0,0,0,0,0.050377834,0,0,0.251889169,0.302267003,0,0.201511335,0,0.654911839,0,1,2.988204007,7.082548569,2.995732274
14662582,White,Inst-52,10,Female,Social,Captive,-0.555555556,None,Sunny,S,Indoor,Yes,yes,1.799886995,10,38,52,1134,408,605,0,4,0,0,0,0,0,0,0,1,0,0,0,1,3,2,0,9,19,1,1186,1186,19.76666667,0.032040472,0.043844857,0.956155143,0.344013491,0.510118044,0.003372681,0,0,20,0.95,0,0,0,0,0,0.050590219,0,0,0,0.151770658,0.050590219,0.101180438,0,0.455311973,0,1,2.983997017,7.07834158,2.995732274
19030325,Black,Inst-6,3,Female,Social,Captive,3.333333333,None,Partly cloudy,S,Indoor,No,yes,1.797347583,9,9,64,606,458,99,506,3,0,0,4,1,0,0,0,0,0,0,0,0,0,2,0,0,9,11,1176,1176,19.6,0.007653061,0.054421769,0.515306122,0.389455782,0.084183673,0.00255102,0.430272109,0,20,0.45,0.204081633,0.051020408,0,0,0,0,0,0,0,0,0,0.102040816,0,0,0,1,2.975529566,7.069874128,2.995732274
17335112,White,Inst-43,12,Female,Social,Captive,21.11111111,None,Overcast,L,Indoor,No,yes,1.376645607,9,40,55,1138,182,84,0,13,0,0,0,0,0,2,0,0,0,0,0,1,1,1,0,0,6,13,1193,1193,19.88333333,0.033528919,0.046102263,0.953897737,0.15255658,0.070410729,0.010896899,0,0,19,0.315789474,0,0,0,0,0.100586756,0,0,0,0,0.050293378,0.050293378,0.050293378,0,0,0,1,2.98988186,7.084226422,2.944438979
24422649,Black,Inst-25,17,Female,Social,Captive,-6.111111111,None,Overcast,M,Indoor,No,yes,1.712745456,10,0,9,1133,277,865,46,6,0,0,1,0,0,0,0,0,0,0,1,1,2,5,0,20,13,6,1188,1188,19.8,0,0.007575758,0.953703704,0.233164983,0.728114478,0.005050505,0.038720539,0,19,0.684210526,0.050505051,0,0,0,0,0,0,0,0.050505051,0.101010101,0.050505051,0.252525253,0,1.01010101,0,1,2.985681938,7.0800265,2.944438979
14662576,White,Inst-52,11,Female,Social,Captive,-2.777777778,None,Sunny,S,Indoor,Yes,yes,1.463584149,6,0,0,1193,129,719,0,18,0,0,0,0,0,0,0,0,0,0,0,0,5,3,0,3,8,12,1193,1193,19.88333333,0,0,1,0.108130763,0.602682313,0.015088013,0,0,20,0.4,0,0,0,0,0,0,0,0,0,0.25146689,0,0.150880134,0,0.150880134,0,1,2.98988186,7.084226422,2.995732274
24421821,White,Inst-20,17,Female,Social,Captive,17.77777778,None,Partly cloudy,S,Outdoor,Yes,yes,1.769034277,9,0,914,280,205,989,0,9,0,0,0,0,0,2,0,0,0,0,0,3,2,1,0,2,0,20,1194,1194,19.9,0,0.765494137,0.234505863,0.171691792,0.828308208,0.007537688,0,0,20,0,0,0,0,0,0.100502513,0,0,0,0,0.100502513,0.150753769,0.050251256,0,0.100502513,0,1,2.990719732,7.085064294,2.995732274
19990811,White,Inst-18,23,Female,Social,Captive,30,None,Sunny,M,Outdoor,No,yes,1.005311495,5,0,0,1183,249,177,0,30,0,14,0,0,0,0,0,0,0,0,0,0,0,1,0,1,7,13,1183,1183,19.71666667,0,0,1,0.210481826,0.149619611,0.025359256,0,0,20,0.35,0,0,0,0,0,0,0,0,0,0,0,0.050718512,0,0.050718512,0,1,2.981464302,7.075808864,2.995732274
19990835,White,Inst-18,7,Female,Social,Captive,21.11111111,None,Partly cloudy,L,Outdoor,No,yes,1.785516565,9,29,113,1071,412,514,0,7,0,0,0,0,0,3,0,0,0,0,0,8,2,0,0,1,9,11,1184,1184,19.73333333,0.024493243,0.095439189,0.904560811,0.347972973,0.434121622,0.005912162,0,0,20,0.45,0,0,0,0,0.152027027,0,0,0,0,0.101351351,0.405405405,0,0,0.050675676,0,1,2.982309253,7.076653815,2.995732274
24428154,Black,Inst-41,19,Male,Social,Captive,17.77777778,None,Sunny,M,Indoor,No,yes,1.8256457,8,0,0,828,688,119,364,3,0,0,0,0,0,0,0,0,0,0,10,1,9,2,0,6,10,9,1192,1192,19.86666667,0,0,0.694630872,0.577181208,0.099832215,0.002516779,0.305369128,0,19,0.526315789,0,0,0,0,0,0,0,0,0.503355705,0.453020134,0.05033557,0.100671141,0,0.302013423,0,1,2.989043285,7.083387848,2.944438979
21385654,Black,Inst-15,19,Female,Individual,Captive,-1.111111111,None,Overcast,S,Indoor,No,yes,2.078287331,11,57,112,1076,475,422,0,4,0,0,0,0,0,1,5,0,0,1,0,6,1,6,0,8,9,10,1188,1188,19.8,0.047979798,0.094276094,0.905723906,0.39983165,0.355218855,0.003367003,0,0,19,0.473684211,0,0,0,0.252525253,0.050505051,0,0,0.050505051,0,0.050505051,0.303030303,0.303030303,0,0.404040404,0,1,2.985681938,7.0800265,2.944438979
14662510,White,Inst-10,28,Female,Social,Wild,20.55555556,None,Overcast,L,Outdoor,Yes,yes,1.560792504,7,0,0,1189,332,857,0,10,0,0,0,0,0,0,0,0,0,0,0,2,4,2,0,2,6,14,1189,1189,19.81666667,0,0,1,0.279226241,0.720773759,0.008410429,0,0,20,0.3,0,0,0,0,0,0,0,0,0,0.201850294,0.100925147,0.100925147,0,0.100925147,0,1,2.986523334,7.080867897,2.995732274
24424419,White,Inst-30,12,Male,Social,Captive,7.222222222,None,Overcast,L,Outdoor,No,yes,1.921809117,10,15,119,1060,531,542,0,15,0,0,0,0,0,5,0,0,0,1,5,13,2,4,0,1,7,13,1179,1179,19.65,0.012722646,0.100932994,0.899067006,0.450381679,0.45971162,0.012722646,0,0,20,0.35,0,0,0,0,0.254452926,0,0,0.050890585,0.254452926,0.10178117,0.661577608,0.203562341,0,0.050890585,0,1,2.978077338,7.072421901,2.995732274
19299483,White,Inst-32,3,Male,Individual,Captive,10,None,Sunny,L,Outdoor,No,yes,1.792993145,8,35,264,925,704,397,0,8,0,0,0,0,0,0,0,0,0,0,0,1,5,0,0,7,3,13,1189,1189,19.81666667,0.029436501,0.222035324,0.777964676,0.592094197,0.333894029,0.006728343,0,0,16,0.1875,0,0,0,0,0,0,0,0,0,0.252312868,0.050462574,0,0,0.353238015,0,1,2.986523334,7.080867897,2.772588722
19990814,Black,Inst-21,26,Male,Individual,Captive,0.555555556,None,Sunny,L,Indoor,No,yes,1.916562918,10,9,335,841,286,865,0,5,0,0,1,0,0,0,0,0,0,0,5,3,25,6,0,20,16,4,1176,1176,19.6,0.007653061,0.284863946,0.715136054,0.243197279,0.735544218,0.004251701,0,0,20,0.8,0.051020408,0,0,0,0,0,0,0,0.255102041,1.275510204,0.153061224,0.306122449,0,1.020408163,0,1,2.975529566,7.069874128,2.995732274
19030340,Black,Inst-8,11,Female,Individual,Captive,25.55555556,None,Sunny,L,Outdoor,No,yes,1.853419029,9,0,116,1082,330,868,0,9,0,0,0,0,0,0,0,1,0,0,0,1,5,6,0,6,15,5,1198,1198,19.96666667,0,0.096828047,0.903171953,0.275459098,0.724540902,0.007512521,0,0,20,0.75,0,0,0,0,0,0.050083472,0,0,0,0.250417362,0.050083472,0.300500835,0,0.300500835,0,1,2.994064216,7.088408779,2.995732274
22187246,White,Inst-1,27,Female,Social,Wild,-1.666666667,None,Sunny,S,Indoor,No,yes,2.181160893,11,0,574,224,278,520,0,10,0,371,0,0,0,3,0,1,0,0,1,3,3,1,2,3,4,16,798,798,13.3,0,0.719298246,0.280701754,0.348370927,0.651629073,0.012531328,0,0,20,0.2,0,0,0,0,0.22556391,0.07518797,0,0,0.07518797,0.22556391,0.22556391,0.07518797,0.15037594,0.22556391,0,1,2.587764035,6.682108597,2.995732274
21850731,White,Inst-37,17,Male,Social,Captive,3.333333333,None,Overcast,M,Outdoor,No,yes,1.555725975,8,0,83,1007,80,979,0,108,0,88,3,0,0,0,0,0,0,4,0,0,4,1,0,2,9,11,1090,1090,18.16666667,0,0.076146789,0.923853211,0.073394495,0.898165138,0.099082569,0,0,20,0.45,0.165137615,0,0,0,0,0,0,0.220183486,0,0.220183486,0,0.055045872,0,0.110091743,0,1,2.899588413,6.993932975,2.995732274
19990841,White,Inst-26,42,Female,Social,Captive,28.33333333,None,Overcast,L,Outdoor,No,yes,1.05215546,5,0,0,1194,75,1119,0,4,0,0,0,0,0,0,0,0,0,0,0,0,1,0,0,2,1,19,1194,1194,19.9,0,0,1,0.06281407,0.93718593,0.003350084,0,0,20,0.05,0,0,0,0,0,0,0,0,0,0.050251256,0,0,0,0.100502513,0,1,2.990719732,7.085064294,2.995732274
19990808,White,Inst-18,12,Female,Social,Captive,22.22222222,None,Sunny,M,Outdoor,Yes,yes,1.452568044,6,0,0,1192,511,665,0,1,0,0,0,0,0,0,0,0,0,1,0,3,3,0,0,1,2,18,1192,1192,19.86666667,0,0,1,0.428691275,0.557885906,0.000838926,0,0,20,0.1,0,0,0,0,0,0,0,0.05033557,0,0.151006711,0.151006711,0,0,0.05033557,0,1,2.989043285,7.083387848,2.995732274
14662540,White,Inst-10,18,Female,Social,Captive,21.11111111,Light rain,Overcast,S,Outdoor,No,yes,1.374804032,7,0,0,1195,327,868,0,9,0,0,0,0,0,1,0,0,0,0,0,1,2,1,0,0,6,14,1195,1195,19.91666667,0,0,1,0.273640167,0.726359833,0.007531381,0,0,20,0.3,0,0,0,0,0.050209205,0,0,0,0,0.10041841,0.050209205,0.050209205,0,0,0,1,2.991556902,7.085901464,2.995732274
21190285,Black,Inst-9,4,Female,Individual,Captive,-1.111111111,Light snow,Overcast,M,Indoor,No,yes,1.699729573,7,0,206,981,178,1009,0,3,0,0,2,0,0,0,0,0,0,0,0,0,18,0,0,16,18,2,1187,1187,19.78333333,0,0.173546757,0.826453243,0.149957877,0.850042123,0.00252738,0,0,20,0.9,0.101095198,0,0,0,0,0,0,0,0,0.909856782,0,0,0,0.808761584,0,1,2.984839832,7.079184395,2.995732274
19298676,Black,Inst-2,18,Male,Individual,Captive,31.11111111,None,Sunny,L,Outdoor,No,yes,1.323037884,5,0,0,1185,179,1006,0,62,0,0,0,0,0,0,0,0,0,0,0,0,4,0,0,4,5,15,1185,1185,19.75,0,0,1,0.151054852,0.848945148,0.052320675,0,0,20,0.25,0,0,0,0,0,0,0,0,0,0.202531646,0,0,0,0.202531646,0,1,2.983153491,7.077498054,2.995732274
23728998,White,Inst-1,28,Male,Social,Wild,1.111111111,None,Sunny,S,Indoor,No,yes,1.703996659,7,0,0,1189,284,624,0,16,0,0,0,0,0,0,0,0,0,0,0,3,6,2,0,7,9,11,1189,1189,19.81666667,0,0,1,0.238856182,0.524810765,0.013456686,0,0,20,0.45,0,0,0,0,0,0,0,0,0,0.302775442,0.151387721,0.100925147,0,0.353238015,0,1,2.986523334,7.080867897,2.995732274
14662471,White,Inst-30,27,Female,Social,Captive,7.222222222,None,Overcast,L,Outdoor,No,no,1.473903242,7,0,0,1176,125,356,0,45,0,0,0,0,0,0,0,0,0,0,0,2,2,2,0,3,13,7,1176,1176,19.6,0,0,1,0.106292517,0.302721088,0.038265306,0,0,20,0.65,0,0,0,0,0,0,0,0,0,0.102040816,0.102040816,0.102040816,0,0.153061224,0,1,2.975529566,7.069874128,2.995732274
14662501,White,Inst-22,27,Female,Social,Wild,15,None,Overcast,M,Indoor,No,yes,1.318613142,6,0,0,1195,127,270,0,3,0,0,0,0,0,0,0,0,0,0,0,0,1,3,0,4,7,13,1195,1195,19.91666667,0,0,1,0.106276151,0.225941423,0.00251046,0,0,20,0.35,0,0,0,0,0,0,0,0,0,0.050209205,0,0.150627615,0,0.20083682,0,1,2.991556902,7.085901464,2.995732274
19230309,White,Inst-39,6,Male,Individual,Captive,14.44444444,Light rain,Overcast,L,Outdoor,No,yes,1.556921521,7,0,17,1140,256,901,0,8,0,0,0,0,0,0,0,0,0,0,0,0,6,1,0,8,2,18,1157,1157,19.28333333,0,0.014693172,0.985306828,0.221261884,0.778738116,0.006914434,0,0,20,0.1,0,0,0,0,0,0,0,0,0,0.311149525,0,0.051858254,0,0.414866033,0,1,2.959241165,7.053585727,2.995732274
19073289,White,Inst-43,20,Male,Social,Captive,22.22222222,Fog,Overcast,S,Indoor,No,no,1.481552383,7,0,0,1189,429,760,0,64,0,0,0,0,0,0,0,0,0,0,1,1,3,2,0,1,4,15,1189,1189,19.81666667,0,0,1,0.360807401,0.639192599,0.053826745,0,0,19,0.210526316,0,0,0,0,0,0,0,0,0.050462574,0.151387721,0.050462574,0.100925147,0,0.050462574,0,1,2.986523334,7.080867897,2.944438979
14662513,White,Inst-10,29,Female,Social,Wild,21.11111111,None,Overcast,S,Outdoor,No,yes,1.292853821,7,0,25,1168,123,1070,0,2,0,0,0,0,0,0,0,0,0,0,0,0,4,1,0,1,19,1,1193,1193,19.88333333,0,0.020955574,0.979044426,0.103101425,0.896898575,0.001676446,0,0,20,0.95,0,0,0,0,0,0,0,0,0,0.201173512,0,0.050293378,0,0.050293378,0,1,2.98988186,7.084226422,2.995732274
14662231,Black,Inst-8,32,Male,Individual,Captive,23.88888889,None,Sunny,M,Indoor,No,yes,1.451918205,7,0,109,1079,131,1057,0,6,0,0,3,0,0,0,0,0,0,0,0,0,0,2,0,2,0,20,1188,1188,19.8,0,0.091750842,0.908249158,0.11026936,0.88973064,0.005050505,0,0,20,0,0.151515152,0,0,0,0,0,0,0,0,0,0,0.101010101,0,0.101010101,0,1,2.985681938,7.0800265,2.995732274
22939850,Black,Inst-51,4,Female,Individual,Captive,16.66666667,Light rain,Overcast,M,Indoor,No,yes,2.050878626,10,0,635,535,453,717,0,9,12,0,0,1,0,0,0,0,0,0,0,4,14,5,0,13,8,12,1182,1182,19.7,0,0.537225042,0.452622673,0.383248731,0.606598985,0.007614213,0,0.010152284,20,0.4,0,0.050761421,0,0,0,0,0,0,0,0.710659898,0.203045685,0.253807107,0,0.659898477,0.609137056,1,2.980618636,7.074963198,2.995732274
14662498,White,Inst-45,26,Male,Social,Wild,15.55555556,None,Sunny,M,Outdoor,No,yes,1.214445733,5,0,0,1179,648,531,0,309,0,0,0,0,0,0,0,0,0,0,0,0,1,1,0,0,3,15,1179,1179,19.65,0,0,1,0.549618321,0.450381679,0.262086514,0,0,18,0.166666667,0,0,0,0,0,0,0,0,0,0.050890585,0,0.050890585,0,0,0,1,2.978077338,7.072421901,2.890371758
14662348,Black,Inst-40,14,Male,Individual,Captive,22.77777778,Light rain,Overcast,L,Outdoor,No,yes,1.727563281,9,0,157,1019,854,104,19,4,0,0,0,0,0,0,0,0,0,0,7,2,3,4,0,3,8,12,1195,1195,19.91666667,0,0.131380753,0.852719665,0.714644351,0.087029289,0.00334728,0.015899582,0,20,0.4,0,0,0,0,0,0,0,0,0.351464435,0.150627615,0.10041841,0.20083682,0,0.150627615,0,1,2.991556902,7.085901464,2.995732274
22201325,White,Inst-47,7,Female,Social,Captive,30,None,Partly cloudy,S,Indoor,No,yes,1.497205243,7,0,82,1046,48,673,0,150,0,0,0,0,0,0,0,0,0,0,0,3,3,0,0,3,16,4,1128,1128,18.8,0,0.072695035,0.927304965,0.042553191,0.596631206,0.132978723,0,0,20,0.8,0,0,0,0,0,0,0,0,0,0.159574468,0.159574468,0,0,0.159574468,0,1,2.93385687,7.028201432,2.995732274
14662534,White,Inst-19,18,Male,Individual,Captive,21.11111111,None,Sunny,L,Outdoor,No,yes,1.740532427,10,16,114,1078,827,217,0,14,0,0,0,1,0,1,0,0,0,0,6,6,2,2,0,0,1,19,1192,1192,19.86666667,0.013422819,0.095637584,0.904362416,0.693791946,0.18204698,0.011744966,0,0,20,0.05,0,0.05033557,0,0,0.05033557,0,0,0,0.302013423,0.100671141,0.302013423,0.100671141,0,0,0,1,2.989043285,7.083387848,2.995732274
14662255,Black,Inst-16,29,Male,Individual,Captive,-1.666666667,None,Partly cloudy,L,Indoor,No,yes,1.5040561,7,0,1,1192,147,1046,0,15,0,0,0,0,0,0,0,0,0,2,0,1,8,0,0,10,18,1,1193,1193,19.88333333,0,0.000838223,0.999161777,0.123218776,0.876781224,0.012573345,0,0,19,0.947368421,0,0,0,0,0,0,0,0.100586756,0,0.402347024,0.050293378,0,0,0.50293378,0,1,2.98988186,7.084226422,2.944438979
19990820,Black,Inst-24,11,Male,Individual,Captive,-0.555555556,None,Sunny,M,Indoor,No,yes,1.913290817,9,0,72,663,363,372,453,5,0,0,0,0,0,0,0,0,0,0,7,1,1,2,0,4,18,2,1188,1188,19.8,0,0.060606061,0.558080808,0.305555556,0.313131313,0.004208754,0.381313131,0,20,0.9,0,0,0,0,0,0,0,0,0.353535354,0.050505051,0.050505051,0.101010101,0,0.202020202,0,1,2.985681938,7.0800265,2.995732274
24428382,White,Inst-53,13,Female,Social,Captive,0.555555556,Light snow,Overcast,M,Indoor,No,yes,1.974922273,11,386,584,582,243,38,24,5,0,0,0,0,0,24,0,3,0,0,0,0,5,2,0,4,1,18,1190,1190,19.83333333,0.324369748,0.490756303,0.48907563,0.204201681,0.031932773,0.004201681,0.020168067,0,19,0.052631579,0,0,0,0,1.210084034,0.151260504,0,0,0,0.25210084,0,0.100840336,0,0.201680672,0,1,2.987364024,7.081708586,2.944438979
19317336,Black,Inst-12,21,Male,Individual,Captive,13.88888889,None,Sunny,L,Outdoor,No,no,1.863621507,8,0,145,1041,534,644,0,184,0,0,0,0,0,0,0,0,0,0,2,2,12,3,0,15,11,9,1186,1186,19.76666667,0,0.122259696,0.877740304,0.450252951,0.543001686,0.155143339,0,0,20,0.55,0,0,0,0,0,0,0,0,0.101180438,0.607082631,0.101180438,0.151770658,0,0.758853288,0,1,2.983997017,7.07834158,2.995732274
23577495,White,Inst-57,43,Female,Social,Captive,-3.333333333,None,Overcast,M,Indoor,No,no,1.427476367,7,0,0,1190,182,990,0,49,0,0,0,0,0,0,0,0,0,0,0,1,1,1,0,8,14,6,1190,1190,19.83333333,0,0,1,0.152941176,0.831932773,0.041176471,0,0,20,0.7,0,0,0,0,0,0,0,0,0,0.050420168,0.050420168,0.050420168,0,0.403361345,0,1,2.987364024,7.081708586,2.995732274
24212772,White,Inst-54,17,Male,Social,Wild,26.66666667,None,Partly cloudy,M,Outdoor,No,yes,1.709957949,7,0,0,1185,571,614,0,17,0,0,0,0,0,0,0,0,0,3,6,7,2,3,0,4,5,15,1185,1185,19.75,0,0,1,0.48185654,0.51814346,0.014345992,0,0,20,0.25,0,0,0,0,0,0,0,0.151898734,0.303797468,0.101265823,0.35443038,0.151898734,0,0.202531646,0,1,2.983153491,7.077498054,2.995732274
14662654,White,Inst-22,34,Male,Social,Captive,15.55555556,None,Overcast,M,Indoor,No,yes,1.56519507,10,10,10,1184,193,125,0,39,0,0,0,0,0,1,0,0,0,0,0,4,1,3,0,2,3,16,1194,1194,19.9,0.008375209,0.008375209,0.991624791,0.161641541,0.104690117,0.032663317,0,0,19,0.157894737,0,0,0,0,0.050251256,0,0,0,0,0.050251256,0.201005025,0.150753769,0,0.100502513,0,1,2.990719732,7.085064294,2.944438979
22187249,White,Inst-1,27,Female,Social,Wild,-1.666666667,None,Sunny,S,Indoor,No,yes,2.236335309,12,0,860,82,465,477,0,16,0,239,1,0,0,7,0,4,0,0,1,5,6,3,1,3,5,15,942,942,15.7,0,0.912951168,0.087048832,0.493630573,0.506369427,0.016985138,0,0,20,0.25,0.063694268,0,0,0,0.445859873,0.25477707,0,0,0.063694268,0.382165605,0.318471338,0.191082803,0.063694268,0.191082803,0,1,2.753660712,6.848005275,2.995732274
22201313,White,Inst-47,32,Male,Social,Captive,30,None,Overcast,M,Outdoor,No,yes,1.863774071,9,21,386,799,315,729,0,4,0,0,0,0,0,3,0,0,0,3,1,5,1,0,0,2,17,3,1185,1185,19.75,0.017721519,0.325738397,0.674261603,0.265822785,0.615189873,0.003375527,0,0,20,0.85,0,0,0,0,0.151898734,0,0,0.151898734,0.050632911,0.050632911,0.253164557,0,0,0.101265823,0,1,2.983153491,7.077498054,2.995732274
19030337,White,Inst-17,21,Male,Social,Captive,18.33333333,None,Overcast,L,Indoor,No,yes,1.427807542,7,0,0,1181,238,866,0,7,0,0,0,0,0,0,0,0,0,0,3,2,1,1,0,3,3,17,1181,1181,19.68333333,0,0,1,0.201524132,0.733276884,0.00592718,0,0,20,0.15,0,0,0,0,0,0,0,0,0.152413209,0.050804403,0.101608806,0.050804403,0,0.152413209,0,1,2.979772254,7.074116816,2.995732274
14662507,White,Inst-10,28,Male,Social,Wild,19.44444444,Light rain,Overcast,S,Outdoor,No,yes,1.425795806,7,0,63,1129,299,893,0,604,0,0,0,0,0,0,0,0,0,0,2,0,2,1,0,2,4,16,1192,1192,19.86666667,0,0.052852349,0.947147651,0.250838926,0.749161074,0.506711409,0,0,20,0.2,0,0,0,0,0,0,0,0,0.100671141,0.100671141,0,0.05033557,0,0.100671141,0,1,2.989043285,7.083387848,2.995732274
14662477,White,Inst-20,25,Male,Social,Captive,17.22222222,Light rain,Overcast,S,Outdoor,No,yes,1.019189204,5,0,9,859,102,766,0,1198,0,324,0,0,0,0,0,0,0,0,2,1,0,0,0,0,0,20,868,868,14.46666667,0,0.010368664,0.989631336,0.117511521,0.882488479,1.380184332,0,0,20,0,0,0,0,0,0,0,0,0,0.138248848,0,0.069124424,0,0,0,0,0,2.671847152,6.766191715,2.995732274
24428157,Black,Inst-41,22,Female,Social,Captive,17.22222222,None,Sunny,M,Indoor,No,yes,1.495261953,8,0,4,1189,96,1097,0,79,0,0,0,0,0,0,0,0,0,0,0,2,5,1,0,5,17,2,1193,1193,19.88333333,0,0.003352892,0.996647108,0.080469405,0.919530595,0.066219614,0,0,19,0.894736842,0,0,0,0,0,0,0,0,0,0.25146689,0.100586756,0.050293378,0,0.25146689,0,1,2.98988186,7.084226422,2.944438979
24428361,White,Inst-53,16,Male,Social,Captive,0.555555556,Light snow,Overcast,M,Indoor,No,yes,1.743947192,9,116,195,986,138,160,0,20,0,0,1,0,0,0,0,0,0,0,0,0,3,1,0,3,8,12,1181,1181,19.68333333,0.098221846,0.16511431,0.83488569,0.116850127,0.135478408,0.016934801,0,0,20,0.4,0.050804403,0,0,0,0,0,0,0,0,0.152413209,0,0.050804403,0,0.152413209,0,1,2.979772254,7.074116816,2.995732274
24428166,White,Inst-44,19,Male,Individual,Captive,3.333333333,None,Overcast,M,Indoor,No,yes,1.67360422,7,0,3,1180,550,633,0,19,0,0,0,0,0,0,0,0,0,0,8,0,8,3,0,9,10,8,1183,1183,19.71666667,0,0.002535926,0.997464074,0.464919696,0.535080304,0.016060862,0,0,18,0.555555556,0,0,0,0,0,0,0,0,0.405748098,0.405748098,0,0.152155537,0,0.45646661,0,1,2.981464302,7.075808864,2.890371758
19030328,Black,Inst-6,5,Female,Social,Captive,18.33333333,None,Sunny,S,Indoor,No,no,2.351925269,14,155,504,340,489,187,354,4,0,0,2,3,0,0,2,0,1,3,0,1,1,5,0,14,11,9,1198,1198,19.96666667,0.129382304,0.420701169,0.283806344,0.408180301,0.156093489,0.003338898,0.295492487,0,20,0.55,0.100166945,0.150250417,0,0.100166945,0,0,0.050083472,0.150250417,0,0.050083472,0.050083472,0.250417362,0,0.701168614,0,1,2.994064216,7.088408779,2.995732274
14662345,Black,Inst-25,18,Male,Individual,Captive,-10,None,Sunny,M,Indoor,No,yes,1.754559815,8,0,0,562,512,50,630,5,0,0,0,0,0,0,0,0,0,1,5,1,1,5,0,3,9,10,1192,1192,19.86666667,0,0,0.47147651,0.429530201,0.041946309,0.004194631,0.52852349,0,19,0.473684211,0,0,0,0,0,0,0,0.05033557,0.251677852,0.05033557,0.05033557,0.251677852,0,0.151006711,0,1,2.989043285,7.083387848,2.944438979
23031911,White,Inst-7,22,Female,Social,Captive,28.33333333,None,Sunny,M,Indoor,No,yes,0.823977652,4,0,46,1148,24,1170,0,6,0,0,0,0,0,0,0,0,0,0,0,0,0,0,0,0,0,20,1194,1194,19.9,0,0.038525963,0.961474037,0.020100503,0.979899497,0.005025126,0,0,20,0,0,0,0,0,0,0,0,0,0,0,0,0,0,0,0,1,2.990719732,7.085064294,2.995732274
19990823,Black,Inst-24,31,Male,Individual,Captive,0.555555556,None,Sunny,M,Indoor,No,yes,1.8212767,9,0,202,961,292,803,0,4,0,0,4,0,0,0,0,0,0,0,3,1,1,4,0,2,2,18,1163,1163,19.38333333,0,0.173688736,0.826311264,0.251074807,0.690455718,0.003439381,0,0,20,0.1,0.206362855,0,0,0,0,0,0,0,0.154772141,0.051590714,0.051590714,0.206362855,0,0.103181427,0,1,2.96441359,7.058758153,2.995732274
22201316,White,Inst-47,7,Female,Social,Captive,30,None,Partly cloudy,S,Outdoor,No,yes,1.995624651,10,82,637,549,531,460,0,4,0,0,0,0,0,25,0,3,0,1,0,1,5,0,0,17,14,6,1186,1186,19.76666667,0.069139966,0.537099494,0.462900506,0.44772344,0.387858347,0.003372681,0,0,20,0.7,0,0,0,0,1.264755481,0.151770658,0,0.050590219,0,0.252951096,0.050590219,0,0,0.860033727,0,1,2.983997017,7.07834158,2.995732274
17335124,White,Inst-43,6,Female,Social,Captive,21.11111111,None,Overcast,L,Indoor,No,yes,2.129476979,11,0,82,1108,650,537,0,11,0,0,3,0,0,0,0,2,0,0,0,6,7,6,1,6,2,18,1190,1190,19.83333333,0,0.068907563,0.931092437,0.546218487,0.451260504,0.009243697,0,0,20,0.1,0.151260504,0,0,0,0,0.100840336,0,0,0,0.352941176,0.302521008,0.302521008,0.050420168,0.302521008,0,1,2.987364024,7.081708586,2.995732274
14662537,White,Inst-52,18,Female,Social,Captive,16.11111111,None,Sunny,L,Outdoor,No,yes,1.900849374,10,15,464,703,300,852,0,6,0,0,0,0,0,2,0,0,0,0,0,4,1,1,0,3,7,13,1167,1167,19.45,0.01285347,0.397600686,0.602399314,0.257069409,0.730077121,0.005141388,0,0,20,0.35,0,0,0,0,0.102827763,0,0,0,0,0.051413882,0.205655527,0.051413882,0,0.154241645,0,1,2.96784707,7.062191632,2.995732274
14662585,White,Inst-54,10,Female,Social,Captive,25,None,Partly cloudy,M,Outdoor,Yes,no,1.737871272,8,0,52,1134,243,943,0,8,0,0,0,0,0,0,0,0,0,0,0,4,4,4,0,4,8,12,1186,1186,19.76666667,0,0.043844857,0.956155143,0.204890388,0.795109612,0.006745363,0,0,20,0.4,0,0,0,0,0,0,0,0,0,0.202360877,0.202360877,0.202360877,0,0.202360877,0,1,2.983997017,7.07834158,2.995732274
24428367,White,Inst-53,12,Female,Social,Captive,0.555555556,Light snow,Overcast,M,Indoor,No,yes,2.215485502,12,487,586,427,347,166,174,4,0,0,0,0,0,6,0,1,0,0,0,1,17,3,0,14,7,12,1187,1187,19.78333333,0.410278012,0.49368155,0.359730413,0.292333614,0.139848357,0.00336984,0.146588037,0,19,0.368421053,0,0,0,0,0.303285594,0.050547599,0,0,0,0.859309183,0.050547599,0.151642797,0,0.707666386,0,1,2.984839832,7.079184395,2.944438979
14662351,Black,Inst-14,12,Female,Individual,Captive,26.66666667,None,Sunny,M,Outdoor,Yes,yes,2.078872004,11,2,647,30,429,246,408,19,0,107,1,0,0,0,0,0,0,0,0,3,10,7,0,3,6,14,1085,1085,18.08333333,0.001843318,0.596313364,0.02764977,0.395391705,0.226728111,0.017511521,0.376036866,0,20,0.3,0.055299539,0,0,0,0,0,0,0,0,0.552995392,0.165898618,0.387096774,0,0.165898618,0,1,2.894990704,6.989335266,2.995732274
19990817,Black,Inst-24,15,Female,Individual,Captive,-0.555555556,None,Sunny,M,Indoor,No,yes,1.313019118,7,0,83,1114,55,1142,0,5,0,0,0,0,0,0,0,0,0,0,0,0,2,1,0,3,11,9,1197,1197,19.95,0,0.069340017,0.930659983,0.045948204,0.954051796,0.004177109,0,0,20,0.55,0,0,0,0,0,0,0,0,0,0.100250627,0,0.050125313,0,0.15037594,0,1,2.993229143,7.087573706,2.995732274
